date,kospi,kosdaq,samsung,hynix,credit_balance_eok,forced_sale_eok,samsung_ret_pct,hynix_ret_pct,sp500,nasdaq,vix,nvda,ust10y,cor1m,sec_반도체,sec_방산조선,sec_바이오,sec_2차전지,sec_금융
2025-03-17,2610.69,743.51,57600.0,206000.0,,,,,5675.1201171875,17808.66015625,20.510000228881836,119.52999877929688,4.31,27.77,100.0,100.0,100.0,100.0,100.0
2025-03-18,2612.34,745.54,57600.0,203000.0,,,0.0,-1.4563106796116498,5614.66015625,17504.119140625,21.700000762939453,115.43000030517578,4.29,30.07,99.69822184495618,101.21512610278236,102.81461755799675,99.66042288177776,100.5591512162914
2025-03-19,2628.62,738.35,58500.0,205500.0,,,1.5625,1.2315270935960632,5675.2900390625,17750.7890625,19.899999618530273,117.5199966430664,4.25,27.41,100.33213759713752,100.25799180147483,101.32285549886832,101.04781569691608,101.83330789522373
2025-03-20,2637.1,725.15,60200.0,210000.0,,,2.9059829059828957,2.1897810218978186,5662.89013671875,17691.630859375,19.799999237060547,118.52999877929688,4.24,26.76,102.64990620335712,95.4084797641861,97.00365014380813,104.46195851220392,102.50083021325626
2025-03-21,2643.13,719.41,61700.0,215500.0,,,2.491694352159479,2.6190476190476097,5667.56005859375,17784.05078125,19.280000686645508,117.69999694824219,4.25,27.23,104.5169856111774,91.56274003873908,96.32482822426573,103.898430696613,102.40931234576837
2025-03-24,2632.07,720.22,60500.0,211500.0,,,-1.944894651539708,-1.8561484918793505,5767.56982421875,18188.58984375,17.479999542236328,121.41000366210938,4.34,22.59,102.5635282434232,92.95832500491164,95.81101144779754,104.95719238155796,103.33284468779232
2025-03-25,2615.81,711.26,59800.0,208000.0,,,-1.157024793388428,-1.654846335697402,5776.64990234375,18271.859375,17.149999618530273,120.69000244140624,4.31,21.7,101.58473382599452,88.98649974646922,95.74368707418203,104.52121453729762,103.5631256701557
2025-03-26,2643.94,716.48,61400.0,214000.0,,,2.6755852842809347,2.8846153846153744,5712.2001953125,17899.01953125,18.32999992370605,113.76000213623048,4.35,23.19,103.57159795595716,89.77812834292709,96.8532255928477,108.9655125639188,103.02868362158269
2025-03-27,2607.15,707.49,61800.0,207000.0,,,0.6514657980456029,-3.2710280373831724,5693.31005859375,17804.029296875,18.690000534057617,111.43000030517578,4.38,22.65,100.3661404706032,87.35510845712079,94.36803060176823,106.64583898464299,101.98531126903842
2025-03-28,2557.98,693.76,60200.0,199300.0,,,-2.588996763754048,-3.7198067632850274,5580.93994140625,17322.990234375,21.649999618530277,109.66999816894533,4.27,27.15,97.00645567781208,85.86059661156683,92.28906241612798,105.0895185099941,101.00412466728392
2025-03-31,2481.12,672.85,57800.0,190700.0,,,-3.9867109634551534,-4.315102860010034,5611.85009765625,17299.2890625,22.280000686645508,108.37999725341795,4.23,24.33,91.02901142325456,86.14174966116346,89.03438889695538,98.81138892365568,99.77198099090673
2025-04-01,2521.39,691.45,58800.0,197000.0,,,1.730103806228378,3.303618248557938,5633.06982421875,17449.890625,21.770000457763672,110.1500015258789,4.17,23.63,92.96897673097163,90.2396486809889,91.83165161499512,98.41901682430102,101.71908315800974
2025-04-02,2505.86,684.85,58800.0,197900.0,,,0.0,0.4568527918781706,5670.97021484375,17601.05078125,21.510000228881836,110.41999816894531,4.2,19.5,91.85917900101302,89.36491567335003,89.72123448736517,95.56771814013139,101.9227239973341
2025-04-03,2486.7,683.49,57600.0,194600.0,,,-2.0408163265306145,-1.6675088428499296,5396.52001953125,16550.609375,30.020000457763672,101.80000305175781,4.06,32.65,90.81764561864428,92.36088624700555,92.16339533263687,92.35348686505634,99.34892480164257
2025-04-04,2465.42,687.39,56100.0,182200.0,,,-2.604166666666663,-6.372045220966083,5074.080078125,15587.7900390625,45.310001373291016,94.30999755859375,4.01,45.83,87.37451517168932,91.83126453583803,91.05085216392293,95.63490549192817,98.85915642913871
2025-04-07,2328.2,651.3,53200.0,164800.0,,,-5.169340463458106,-9.549945115257962,5062.25,15603.259765625,46.97999954223633,97.63999938964844,4.15,45.22,80.39591042884135,84.08555493306021,85.2844373494605,90.56070246367756,93.53758608460494
2025-04-08,2334.23,658.45,53500.0,169500.0,,,0.5639097744360999,2.851941747572817,4982.77001953125,15267.91015625,52.33000183105469,96.3000030517578,4.26,49.9,81.73877330497477,90.13941143565978,85.91327936794846,89.30593421342732,91.53194375021852
2025-04-09,2293.7,643.39,53000.0,165000.0,,,-0.9345794392523366,-2.6548672566371723,5456.89990234375,17124.970703125,33.619998931884766,114.33000183105469,4.34,36.12,79.73281347323228,89.13962310332937,83.33605208030438,86.71124494402831,90.60456794999395
2025-04-10,2445.06,681.79,56400.0,183200.0,,,6.41509433962264,11.030303030303036,5268.0498046875,16387.310546875,40.720001220703125,107.56999969482422,4.4,42.26,86.82409118311212,96.20000362453216,87.2608538286601,94.88482087566538,95.75010177785543
2025-04-11,2432.72,695.59,55200.0,180800.0,,,-2.127659574468088,-1.3100436681222738,5363.35986328125,16724.4609375,37.560001373291016,110.93000030517578,4.48,42.53,86.93318223921574,101.54861548396207,89.82904536451356,92.19710020958755,95.38012551406536
2025-04-14,2455.89,708.98,56200.0,180200.0,,,1.8115942028985588,-0.3318584070796437,5405.97021484375,16831.48046875,30.88999938964844,110.70999908447266,4.38,34.7,87.33120319801151,104.13638179457344,92.64163021721124,93.56774372949997,96.0706881856832
2025-04-15,2477.41,711.92,56600.0,180600.0,,,0.7117437722419906,0.2219755826859071,5396.6298828125,16823.169921875,30.1200008392334,112.1999969482422,4.35,36.43,87.51165504987121,102.66035584385696,91.70330864782318,94.31825511471148,98.40274208389572
2025-04-16,2447.43,699.11,54700.0,174000.0,,,-3.3568904593639592,-3.6544850498338888,5275.7001953125,16307.16015625,32.63999938964844,104.48999786376953,4.29,41.22,84.4763901660206,104.12094096713776,89.9898836188425,92.16829558609817,99.62186726183884
2025-04-17,2470.41,711.75,55100.0,175000.0,,,0.7312614259597838,0.5747126436781658,5282.7001953125,16286.4501953125,29.649999618530277,101.48999786376952,4.34,36.6,86.02938245514876,106.5353131245224,91.84315172957248,92.66021692512116,99.45891197407563
2025-04-18,2483.42,717.77,55300.0,175000.0,,,0.3629764065335772,0.0,,,,,4.34,,87.83075019092223,106.28251260069983,92.56549109639424,92.14016796796051,101.26867452888123
2025-04-21,2488.42,715.45,55400.0,176600.0,,,0.1808318264014508,0.914285714285712,5158.2001953125,15870.900390625,33.81999969482422,96.91000366210938,4.42,43.51,88.16962816462726,105.84624498986211,92.45883623150064,90.90479055462332,102.64694085896292
2025-04-22,2486.64,716.12,55000.0,173800.0,,,-0.7220216606498187,-1.5855039637599044,5287.759765625,16300.419921875,30.56999969482422,98.88999938964844,4.41,40.05,87.33237610684546,108.91423459454896,93.1100971010481,90.4874563627667,102.86520721027092
2025-04-23,2525.56,726.08,55700.0,181000.0,,,1.2727272727272698,4.142692750287691,5375.85986328125,16708.05078125,28.450000762939453,102.70999908447266,4.4,37.22,92.38045402827767,108.99843705062263,92.79351378239048,95.16946598446731,103.91440012515
2025-04-24,2522.33,726.08,55700.0,178300.0,,,0.0,-1.4917127071823244,5484.77001953125,17166.0390625,26.46999931335449,106.43000030517578,4.32,32.77,91.74786317743356,110.15870511443876,92.71991016084834,93.56322505301354,104.01371696715414
2025-04-25,2546.3,729.69,55700.0,184400.0,,,0.0,3.4212002243410033,5525.2099609375,17382.939453125,24.84000015258789,111.01000213623047,4.29,31.19,91.59245871407074,115.42138840464499,91.03869044054483,94.04915068305048,105.59527005250644
2025-04-28,2548.86,719.41,55800.0,182000.0,,,0.1795332136445226,-1.3015184381778733,5528.75,17366.130859375,25.149999618530277,108.7300033569336,4.23,30.87,87.85164603263962,115.64490652485712,89.9507112955043,93.82765363087528,104.86948253608249
2025-04-29,2565.42,726.46,55800.0,180800.0,,,0.0,-0.659340659340657,5560.830078125,17461.3203125,24.170000076293945,109.0199966430664,4.19,29.79,88.52319902660683,112.03979269554242,91.69371166891835,94.71188869278798,106.9262494698658
2025-04-30,2556.61,717.24,55500.0,177500.0,,,-0.5376344086021501,-1.8252212389380573,5569.06005859375,17446.33984375,24.700000762939453,108.91999816894531,4.17,29.93,87.41034636916586,111.47958552503871,89.71300744858547,90.24500108998699,109.501844031713
2025-05-01,,,,,,,,,5604.14013671875,17710.740234375,24.600000381469727,111.61000061035156,4.25,32.43,,,,,
2025-05-02,2559.79,721.86,54300.0,186000.0,,,,,5686.669921875,17977.73046875,22.68000030517578,114.5,4.33,29.88,87.97847171517667,113.63570355492986,91.49310676931148,88.77903632883195,110.19624767562172
2025-05-05,,,,,,,,,5650.3798828125,17844.240234375,23.639999389648438,113.81999969482422,4.36,31.42,,,,,
2025-05-06,,,,,,,,,5606.91015625,17689.66015625,24.76000022888184,113.54000091552734,4.3,34.74,,,,,
2025-05-07,2573.8,722.81,54600.0,190800.0,,,,,5631.27978515625,17738.16015625,23.549999237060547,117.05999755859376,4.26,31.71,89.40387610285492,117.62874156579136,89.77242829555358,88.45311603331145,110.92805822273831
2025-05-08,2579.48,729.59,54600.0,190300.0,,,0.0,-0.262054507337528,5663.93994140625,17928.140625,22.479999542236328,117.37000274658205,4.37,29.7,89.57281761634795,120.91668385146674,89.07930231822438,89.0431635250179,110.5411549161136
2025-05-09,2577.27,722.52,54800.0,190100.0,,,0.366300366300365,-0.10509721492379942,5659.91015625,17928.919921875,21.899999618530273,116.6500015258789,4.37,30.07,89.0975974133859,122.43360255852095,88.69719699980678,87.16378133224111,109.37900291443097
2025-05-12,2607.33,725.4,57600.0,195000.0,,,5.109489051094895,2.577590741714886,5844.18994140625,18708.33984375,18.38999938964844,123.0,4.45,22.22,93.31417278176932,116.90167407293578,86.48876964999008,88.92502196543808,110.6731166873798
2025-05-13,2608.42,731.88,56900.0,198500.0,,,-1.215277777777779,1.7948717948717885,5886.5498046875,19010.08984375,18.21999931335449,129.92999267578125,4.49,18.97,93.2162975928756,116.95963620460398,88.6305349829528,86.38448403743357,110.85356509247728
2025-05-14,2640.57,739.05,57400.0,206000.0,,,0.8787346221441172,3.7783375314861534,5892.580078125,19146.810546875,18.6200008392334,135.33999633789062,4.53,18.06,95.63563430145126,118.767425548779,86.084767107163,86.75546262332432,111.51992240534709
2025-05-15,2621.36,733.23,57300.0,200500.0,,,-0.17421602787456303,-2.669902912621358,5916.93017578125,19112.3203125,17.829999923706055,134.8300018310547,4.45,16.93,93.97976086308914,119.88494371249516,85.35825027226772,85.42916213913938,111.76334641720311
2025-05-16,2626.87,725.07,56800.0,204500.0,,,-0.8726003490401424,1.9950124688279391,5958.3798828125,19211.099609375,17.239999771118164,135.39999389648438,4.43,16.68,96.4707776888421,122.43618486195362,84.08629577156749,82.3444489267288,111.90964470259915
2025-05-19,2603.42,713.75,55800.0,199400.0,,,-1.7605633802816878,-2.4938875305623442,5963.60009765625,19215.4609375,18.139999389648438,135.57000732421875,4.46,19.86,92.68734535437052,121.67724350235302,84.30444938830446,83.34518516912178,112.37471342947273
2025-05-20,2601.8,715.55,55900.0,202000.0,,,0.17921146953405742,1.3039117352056095,5940.4599609375,19142.7109375,18.09000015258789,134.3800048828125,4.48,19.73,93.04898413751604,118.65044870050392,84.70658487757862,80.07974808650525,114.43429311741164
2025-05-21,2625.58,723.62,55700.0,200500.0,,,-0.3577817531305927,-0.7425742574257432,5844.60986328125,18872.640625,20.8700008392334,131.8000030517578,4.58,24.07,92.43570805929377,121.60656570465257,87.2538319261947,79.74566575803061,114.8758033180068
2025-05-22,2593.67,717.67,54700.0,196900.0,,,-1.795332136445238,-1.795511221945134,5842.009765625,18925.740234375,20.280000686645508,132.8300018310547,4.54,22.52,89.90441833791802,119.93951234131862,85.38379968697745,79.61037780765116,114.60982746792172
2025-05-23,2592.09,715.98,54200.0,200000.0,,,-0.9140767824497242,1.5744032503808958,5802.81982421875,18737.2109375,22.290000915527344,131.2899932861328,4.51,26.61,89.21553912990285,120.2549043432158,83.79803583117324,77.57065320859925,116.54505389875067
2025-05-26,2644.4,725.27,54700.0,203000.0,,,0.9225092250922495,1.4999999999999902,,,,,4.51,,91.83502799034054,123.72688450025042,85.57100388321861,80.15701736516402,119.22691708404471
2025-05-27,2637.22,727.11,53900.0,202500.0,,,-1.4625228519195566,-0.24630541871921707,5921.5400390625,19199.16015625,18.959999084472656,135.5,4.43,18.34,90.99658654682374,126.50075317849404,86.59678957784202,78.1482869751766,119.12352925180879
2025-05-28,2670.15,728.79,55900.0,208000.0,,,3.710575139146566,2.716049382716057,5888.5498046875,19100.939453125,19.309999465942383,134.80999755859375,4.47,20.39,93.57892301760651,121.28897207404766,85.66492900064752,83.4028025214356,118.88599219653472
2025-05-29,2720.64,736.29,56100.0,212000.0,,,0.3577817531305927,1.923076923076916,5912.169921875,19175.869140625,19.18000030517578,139.19000244140625,4.43,22.73,94.27948615286375,123.71839489880207,86.1717717201098,84.5348768403733,122.231922241954
2025-05-30,2697.67,734.35,56200.0,204500.0,,,0.1782531194295833,-3.5377358490566,5911.68994140625,19113.76953125,18.56999969482422,135.1300048828125,4.41,22.89,92.04745849695485,121.75006823976254,86.15603043899138,83.37120200867295,123.29640350781725
2025-06-02,2698.97,740.29,56800.0,207500.0,,,1.067615658362997,1.4669926650366705,5935.93994140625,19242.609375,18.360000610351562,137.3800048828125,4.46,23.76,92.33511740416759,125.8606374592079,86.9729859380339,83.20952360084672,119.01532472461682
2025-06-03,,,,,,,,,5970.3701171875,19398.9609375,17.690000534057617,141.22000122070312,4.46,22.65,,,,,
2025-06-04,2770.84,750.21,57800.0,217500.0,,,,,5970.81005859375,19460.490234375,17.610000610351562,141.9199981689453,4.37,22.2,95.00843621974246,126.25476099311544,89.35798696450316,84.45918640368718,127.70494400155454
2025-06-05,2812.05,756.23,59100.0,224500.0,,,2.249134948096887,3.218390804597693,5939.2998046875,19298.44921875,18.479999542236328,139.99000549316406,4.4,21.54,96.9263439336016,128.2191482182251,88.66534487612242,85.44190310130918,126.10861496638512
2025-06-06,,,,,,,,,6000.35986328125,19529.94921875,16.770000457763672,141.72000122070312,4.51,19.88,,,,,
2025-06-09,2855.77,764.21,59800.0,229000.0,,,,,6005.8798828125,19591.240234375,17.15999984741211,142.6300048828125,4.49,21.65,99.02721539525533,125.22235189031734,91.4173748518362,84.74867957478881,130.43474552570407
2025-06-10,2871.85,771.2,59200.0,230500.0,,,-1.0033444816053505,0.6550218340611424,6038.81005859375,19714.990234375,16.950000762939453,143.9600067138672,4.47,21.78,98.90983663975352,130.48720039850676,91.36936305128911,85.68086592679131,131.05353059176994
2025-06-11,2907.04,786.29,59900.0,240000.0,,,1.1824324324324342,4.121475054229928,6022.240234375,19615.880859375,17.260000228881836,142.8300018310547,4.41,21.86,104.35169839255056,128.29324842993995,92.13236952964304,86.5302137176761,129.0095842817265
2025-06-12,2920.03,789.45,59500.0,235500.0,,,-0.6677796327211993,-1.8750000000000044,6045.259765625,19662.490234375,18.020000457763672,145.0,4.36,23.06,104.973908444442,132.2643784674461,91.2662300276494,88.13994155030059,127.85909164918304
2025-06-13,2894.62,768.86,58300.0,235500.0,,,-2.0168067226890796,0.0,5976.97021484375,19406.830078125,20.81999969482422,141.97000122070312,4.41,27.49,103.35375887632412,138.49995282422077,88.74713349103267,86.37519516800135,128.6383869837162
2025-06-16,2946.66,777.26,57200.0,248000.0,,,-1.8867924528301883,5.307855626326963,6033.10986328125,19701.2109375,19.110000610351562,144.69000244140625,4.46,24.27,105.08269180345843,143.63896218883696,89.72309195498006,85.33667909152535,131.09109252647482
2025-06-17,2950.3,775.65,58100.0,249000.0,,,1.573426573426584,0.4032258064516236,5982.72021484375,19521.08984375,21.600000381469727,144.1199951171875,4.39,30.82,105.45116282354472,144.9010116428283,88.96820811218545,85.38910478251562,130.62620848843517
2025-06-18,2972.19,779.73,59800.0,246500.0,,,2.925989672977636,-1.0040160642570295,5980.8701171875,19546.26953125,20.139999389648438,145.47999572753906,4.38,27.88,106.2955550308713,143.65775498178786,88.59440153713967,87.25602117186845,129.7578585501796
2025-06-19,2977.74,782.51,59200.0,246000.0,,,-1.0033444816053505,-0.20283975659228792,,,,,4.38,,107.143160944559,145.56810841567815,89.0598011137499,86.82597901467844,129.61235012075235
2025-06-20,3021.84,791.53,59500.0,257000.0,,,0.5067567567567544,4.471544715447151,5967.83984375,19447.41015625,20.6200008392334,143.85000610351562,4.38,27.87,108.7074289640607,147.86596573550412,89.88193873954543,89.89129828016277,130.78701563403627
2025-06-23,3014.47,784.79,58000.0,259500.0,,,-2.5210084033613467,0.9727626459143934,6025.169921875,19630.970703125,19.829999923706055,144.1699981689453,4.34,25.27,107.12506199200288,147.51265700376177,90.96532634104699,87.22813098206379,131.48323642215763
2025-06-24,3103.64,800.93,60500.0,278500.0,,,4.31034482758621,7.321772639691715,6092.18017578125,19912.529296875,17.479999542236328,147.89999389648438,4.3,21.16,111.38243994802436,142.94911313409406,92.53057831434276,89.44015155818664,135.77062934165838
2025-06-25,3108.25,798.21,61300.0,286000.0,,,1.3223140495867813,2.6929982046678624,6092.16015625,19973.55078125,16.760000228881836,154.30999755859375,4.29,18.44,114.8325749490053,135.61780926405456,91.97613326017533,89.06117853935005,135.49283344959582
2025-06-26,3079.56,787.95,60200.0,293000.0,,,-1.7944535073409429,2.447552447552437,6141.02001953125,20167.91015625,16.59000015258789,155.02000427246094,4.26,16.66,117.42827240998896,134.3108883646585,91.07561982305224,89.11063500011517,135.33507131402988
2025-06-27,3055.94,781.56,60800.0,284000.0,,,0.9966777408637828,-3.0716723549488067,6173.06982421875,20273.4609375,16.31999969482422,157.75,4.29,15.13,115.83397526151916,135.9254783479067,91.30314036310216,86.52123665261524,136.19750628117475
2025-06-30,3071.7,781.5,59800.0,292000.0,,,-1.6447368421052655,2.8169014084507005,6204.9501953125,20369.73046875,16.729999542236328,157.99000549316406,4.24,14.48,115.3132079839364,134.76886009135157,92.79074164731924,92.76847582642066,137.5606747206323
2025-07-01,3089.65,783.67,60200.0,285500.0,,,0.6688963210702337,-2.2260273972602773,6198.009765625,20202.890625,16.829999923706055,153.3000030517578,4.26,14.89,113.1323392161584,133.46296095505966,92.9121771495716,96.20506407502732,139.02420835547807
2025-07-02,3075.06,782.17,60800.0,279000.0,,,0.9966777408637828,-2.276707530647981,6227.419921875,20393.130859375,16.639999389648438,157.25,4.3,14.32,111.13417239301126,129.7540005536872,93.21282252874384,96.12391967445814,138.56838809926353
2025-07-03,3116.27,793.33,63800.0,278500.0,,,4.9342105263157965,-0.1792114695340463,6279.35009765625,20601.099609375,16.3799991607666,159.33999633789062,4.35,14.14,113.62110757747854,128.14791055358535,94.95150411755075,100.32508210581754,142.09959643059665
2025-07-04,3054.28,775.8,63300.0,270500.0,,,-0.7836990595611271,-2.872531418312385,,,,,4.35,,111.43571392204022,121.66332488093973,93.12886120496992,99.1320834105664,139.11440159264265
2025-07-07,3059.47,778.46,61700.0,271000.0,,,-2.5276461295418606,0.1848428835489857,6229.97998046875,20412.51953125,17.790000915527344,158.24000549316406,4.4,15.78,110.53551924910418,124.05054340866089,94.90891144945715,97.85425116540101,142.41214503679592
2025-07-08,3114.95,784.24,61400.0,282000.0,,,-0.4862236628849326,4.0590405904058935,6225.52001953125,20418.4609375,16.809999465942383,160.0,4.42,13.82,112.09499234294043,128.30879975165539,94.2608779082145,96.58472401614739,154.12573142066225
2025-07-09,3133.74,790.36,60400.0,281000.0,,,-1.6286644951140072,-0.35460992907800915,6263.259765625,20611.33984375,15.9399995803833,162.8800048828125,4.34,12.28,110.82693355936144,134.2302446439957,94.25899205400839,97.01254433021653,151.36398290035322
2025-07-10,3183.23,797.7,61000.0,297000.0,,,0.9933774834437026,5.693950177935947,6280.4599609375,20630.66015625,15.779999732971191,164.10000610351562,4.35,11.37,113.55063956398976,136.68100850458464,97.36757501782354,100.42017121468547,150.58740262558337
2025-07-11,3175.77,800.47,62600.0,294500.0,,,2.6229508196721207,-0.8417508417508435,6259.75,20585.529296875,16.399999618530273,164.9199981689453,4.43,12.11,113.60536033682216,132.08005333013085,96.21488093372811,100.72640229843348,151.8200753047891
2025-07-14,3202.03,799.37,62500.0,300000.0,,,-0.15974440894568342,1.8675721561969505,6268.56005859375,20640.330078125,17.200000762939453,164.07000732421875,4.43,14.02,112.38706023648119,133.3634474917236,95.3431817589107,100.49511354225149,155.8167769700146
2025-07-15,3215.28,812.88,63700.0,298500.0,,,1.9200000000000106,-0.5000000000000004,6243.759765625,20677.80078125,17.3799991607666,170.6999969482422,4.5,14.73,113.21379962579302,137.59463777951458,96.87860718356455,100.40153703983572,156.07301052750407
2025-07-16,3186.38,812.23,64700.0,296000.0,,,1.5698587127158659,-0.8375209380234505,6263.7001953125,20730.490234375,17.15999984741211,171.3699951171875,4.46,14.49,113.33142903738951,138.4379607085428,97.41428752894402,97.7794816986188,148.72053659193273
2025-07-17,3192.29,818.27,66700.0,269500.0,,,3.091190108191655,-8.952702702702698,6297.35986328125,20885.650390625,16.520000457763672,173.0,4.47,12.59,110.00217134403897,142.11233389110973,99.51491725799382,99.1692027960976,149.83073824444102
2025-07-18,3188.07,820.67,67100.0,269000.0,,,0.599700149925031,-0.1855287569573316,6296.7900390625,20895.650390625,16.40999984741211,172.41000366210938,4.44,12.92,110.10480456035596,142.66727334513175,99.69122682785988,100.7572183162062,148.15487842325606
2025-07-21,3210.81,821.69,67800.0,272500.0,,,1.0432190760059523,1.3011152416356977,6305.60009765625,20974.1796875,16.649999618530273,171.3800048828125,4.38,13.53,110.82527521199816,146.21551123413892,99.09131729071144,103.67353516700328,149.03128052686287
2025-07-22,3169.94,812.97,66000.0,268500.0,,,-2.6548672566371723,-1.4678899082568808,6309.6201171875,20892.689453125,16.5,167.02999877929688,4.35,12.94,108.60059307843642,142.8657351657476,98.83625689187208,103.3574615328936,148.18800702623972
2025-07-23,3183.77,813.56,66400.0,269000.0,,,0.60606060606061,0.1862197392923592,6358.91015625,21020.01953125,15.369999885559082,170.77999877929688,4.4,10.98,108.42494075784124,141.50240258972008,98.9571648491601,104.6385434022098,148.4957489245167
2025-07-24,3190.45,809.89,66000.0,269500.0,,,-0.6024096385542133,0.1858736059479504,6363.35009765625,21057.9609375,15.390000343322754,173.74000549316406,4.43,11.81,107.70384975530844,144.07049621683225,99.46459792130769,109.4342972518746,150.20369017316366
2025-07-25,3196.05,806.95,65900.0,266000.0,,,-0.1515151515151469,-1.2987012987012991,6388.64013671875,21108.3203125,14.93000030517578,173.5,4.4,10.82,107.2405839295505,147.73957151338072,97.53631948959124,108.7386061537486,152.57350998706232
2025-07-28,3209.52,804.4,70400.0,262000.0,,,6.828528072837625,-1.5037593984962403,6389.77001953125,21178.580078125,15.029999732971191,176.75,4.42,9.54,109.49726327362924,152.34318345450797,96.47367507288638,111.13664903797736,143.06859503853929
2025-07-29,3230.57,804.45,70600.0,262500.0,,,0.2840909090909171,0.1908396946564972,6370.85986328125,21098.2890625,15.979999542236328,175.50999450683594,4.34,10.69,109.41512731569178,156.10744742578163,97.10218277177349,110.6371615559568,144.8780928594578
2025-07-30,3254.47,803.67,72600.0,263500.0,,,2.8328611898017053,0.3809523809523707,6362.89990234375,21129.669921875,15.479999542236328,179.27000427246094,4.38,8.84,112.21163587825988,155.32354241530268,97.15368517963147,113.62879425272692,145.9383526972558
2025-07-31,3245.44,805.24,71400.0,273500.0,,,-1.6528925619834656,3.795066413662229,6339.39013671875,21122.44921875,16.719999313354492,177.8699951171875,4.37,11.79,114.40452834972751,162.98067881784522,97.02316366082266,109.82948907733444,144.15169853309084
2025-08-01,3119.41,772.79,68900.0,258000.0,,,-3.5014005602240883,-5.667276051188297,6238.009765625,20650.130859375,20.3799991607666,173.72000122070312,4.23,20.1,108.15395236369048,158.54185578041847,92.46490808190993,105.231269389734,138.10144092353582
2025-08-04,3147.75,784.06,69700.0,258000.0,,,1.1611030478954951,0.0,6329.93994140625,21053.580078125,17.520000457763672,180.0,4.22,13.53,108.27914971912764,157.14442682589183,93.99530348044053,106.14394915220602,140.31916872636998
2025-08-05,3198.0,798.6,69900.0,263500.0,,,0.2869440459110528,2.131782945736438,6299.18994140625,20916.55078125,17.850000381469727,178.25999450683594,4.22,16.13,109.88201973019504,159.7459406947805,95.03521757532376,111.16394258958078,144.56171351597249
2025-08-06,3198.14,803.49,68800.0,258500.0,,,-1.573676680972813,-1.8975332068311146,6345.06005859375,21169.419921875,16.770000457763672,179.4199981689453,4.22,14.32,110.49548032884489,157.53873449132527,94.5681615680047,112.3895475835072,146.5891178326192
2025-08-07,3227.68,805.81,70500.0,262000.0,,,2.470930232558133,1.3539651837524147,6340.0,21242.69921875,16.56999969482422,180.77000427246094,4.23,13.65,110.73368646647882,158.9959039999206,93.33449547103356,111.44443569313705,147.24585645406052
2025-08-08,3210.01,809.27,71800.0,256500.0,,,1.843971631205665,-2.099236641221369,6389.4501953125,21450.01953125,15.149999618530272,182.6999969482422,4.27,10.93,111.0641982998611,149.13882398315317,93.09476636887608,109.06294029660388,146.1740321208449
2025-08-11,3206.77,811.85,71000.0,267000.0,,,-1.1142061281337101,4.093567251461994,6373.4501953125,21385.400390625,16.25,182.05999755859375,4.27,13.07,112.71370817194577,144.54609644341969,92.81035431962843,110.89601170347467,145.4435622105826
2025-08-12,3189.91,807.19,71100.0,269000.0,,,0.140845070422535,0.7490636704119868,6445.759765625,21681.900390625,14.729999542236328,183.16000366210935,4.29,10.76,112.28445558904002,141.5688807094542,92.42884674000176,109.83098610749192,146.8469186291027
2025-08-13,3224.37,814.1,71900.0,278000.0,,,1.1251758087201136,3.3457249070631967,6466.580078125,21713.140625,14.489999771118164,181.58999633789065,4.24,9.24,114.78641834075694,144.40193136854552,94.28696582278866,110.47973796958335,146.8698159591888
2025-08-14,3225.66,815.26,71600.0,276500.0,,,-0.4172461752433909,-0.5395683453237377,6468.5400390625,21710.669921875,14.829999923706056,182.0200042724609,4.29,9.88,115.3931654890434,145.80433977662577,93.18804063658266,112.01519388299592,146.9785177241185
2025-08-15,,,,,,,,,6449.7998046875,21622.98046875,15.09000015258789,180.4499969482422,4.33,10.22,,,,,
2025-08-18,3177.28,798.05,70000.0,267500.0,,,,,6449.14990234375,21629.76953125,14.989999771118164,182.00999450683594,4.34,11.29,112.09014231438766,147.0018664201912,90.5651352656391,109.16087884266717,141.64522620986196
2025-08-19,3151.56,787.96,70000.0,263000.0,,,0.0,-1.6822429906542036,6411.3701171875,21314.94921875,15.56999969482422,175.63999938964844,4.3,12.09,111.4601100963925,139.5407626779646,89.98940508318792,109.67778839311134,142.16565461500363
2025-08-20,3130.09,777.61,70500.0,255500.0,,,0.7142857142857117,-2.851711026615966,6395.77978515625,21172.859375,15.6899995803833,175.39999389648438,4.29,13.16,109.4748011655946,138.4193606303231,89.0630223898439,108.99010643026384,142.1625701775724
2025-08-21,3141.74,777.24,70600.0,245000.0,,,0.1418439716311947,-4.109589041095896,6370.169921875,21100.310546875,16.600000381469727,174.97999572753906,4.33,15.58,107.96450195064124,144.43072315109498,87.71753697681189,109.46675802723954,142.3616144396376
2025-08-22,3168.73,782.51,71400.0,251000.0,,,1.1331444759206777,2.448979591836742,6466.91015625,21496.5390625,14.220000267028809,177.99000549316406,4.26,9.56,108.5671271384562,150.51336108921743,89.92372021496092,108.40561522183776,141.6944730423251
2025-08-25,3209.86,798.02,71500.0,259500.0,,,0.1400560224089631,3.3864541832669293,6439.31982421875,21449.2890625,14.789999961853027,179.80999755859375,4.28,9.99,110.67318616865003,151.23421178423092,91.2237301408817,110.9536590311566,142.5712428807916
2025-08-26,3179.36,801.66,70300.0,261500.0,,,-1.6783216783216814,0.7707129094412402,6465.93994140625,21544.26953125,14.619999885559082,181.77000427246094,4.26,9.3,110.80771635006064,147.42393587605653,90.84559517137177,110.52551665028761,140.12441110875466
2025-08-27,3187.16,801.72,70600.0,260000.0,,,0.42674253200569723,-0.5736137667303964,6481.39990234375,21590.140625,14.850000381469727,181.60000610351562,4.24,10.19,110.68277823444257,150.53159862652217,89.35511511367498,109.23780176827715,141.2938376757886
2025-08-28,3196.32,798.43,69600.0,268500.0,,,-1.4164305949008527,3.26923076923078,6501.85986328125,21705.16015625,14.430000305175781,180.1699981689453,4.22,12.56,110.67974061000932,148.98999922917642,89.03578845018546,107.20093919516356,141.6881491359656
2025-08-29,3186.01,796.91,69700.0,269000.0,,,0.1436781609195359,0.1862197392923592,6460.259765625,21455.55078125,15.359999656677246,174.17999267578125,4.23,14.37,111.58092031107589,149.6098295795802,88.96096307162442,104.34814675563892,140.68644724497486
2025-09-01,3142.93,785.0,67600.0,256000.0,,,-3.012912482065999,-4.832713754646845,,,,,4.23,,106.49183245225689,151.63592054288824,89.85779308821628,102.8039503321696,138.8155049145121
2025-09-02,3172.35,794.0,69100.0,260500.0,,,2.2189349112426093,1.7578125,6415.5400390625,21279.630859375,17.170000076293945,170.77999877929688,4.28,17.85,108.26844748620717,155.52383446109553,91.73747716831755,102.73971866377995,140.58584297450332
2025-09-03,3184.42,796.81,69800.0,262500.0,,,1.013024602026058,0.7677543186180413,6448.259765625,21497.73046875,16.350000381469727,170.6199951171875,4.22,17.5,109.3267386752532,153.10624130762318,91.86632069186967,102.6424595309635,141.77423477617293
2025-09-04,3200.83,805.42,70100.0,265500.0,,,0.4297994269341076,1.1428571428571344,6502.080078125,21707.689453125,15.300000190734863,171.66000366210938,4.17,15.79,110.24447784577232,153.04626884181164,92.67170875277716,104.81043747189636,139.42289698813403
2025-09-05,3205.12,811.4,69500.0,273500.0,,,-0.8559201141226769,3.0131826741996326,6481.5,21700.390625,15.18000030517578,167.02000427246094,4.1,15.29,111.04104288744225,149.27803859688322,94.24977850695774,103.2222687687608,139.2684583650826
2025-09-08,3219.59,818.6,70100.0,277000.0,,,0.8633093525179936,1.279707495429605,6495.14990234375,21798.69921875,15.109999656677246,168.30999755859375,4.05,14.82,111.78632414173342,150.0676151243773,94.0724071568158,103.49999864270436,138.60607434805232
2025-09-09,3260.05,824.82,71500.0,288000.0,,,1.99714693295292,3.971119133573997,6512.60986328125,21879.490234375,15.039999961853027,170.75999450683594,4.08,14.44,114.42858596150435,148.3738480421527,93.96895193353888,106.00399436124096,141.524132308958
2025-09-10,3314.53,833.0,72600.0,304000.0,,,1.538461538461533,5.555555555555558,6532.0400390625,21886.060546875,15.350000381469727,177.3300018310547,4.04,13.26,118.15019101794859,151.35350957154088,94.28183602256084,104.3898952036788,148.29663873315008
2025-09-11,3344.2,834.76,73400.0,307000.0,,,1.1019283746556363,0.9868421052631636,6587.47021484375,22043.0703125,14.710000038146973,177.1699981689453,4.01,12.98,119.458842314005,154.80183486847662,94.13586201387926,105.86283291112116,148.24828404471157
2025-09-12,3395.54,847.08,75400.0,328500.0,,,2.7247956403269713,7.003257328990231,6584.2900390625,22141.099609375,14.760000228881836,177.82000732421875,4.06,12.36,124.21575932352926,154.42719315281713,95.81159062682615,106.93150715057592,150.30594430038195
2025-09-15,3407.31,852.69,76500.0,331000.0,,,1.458885941644561,0.7610350076103556,6615.27978515625,22348.75,15.6899995803833,177.75,4.05,13.61,126.56376231276164,150.993484745913,95.07379008760276,106.79027130714294,152.83920391886693
2025-09-16,3449.62,851.84,79400.0,348000.0,,,3.790849673202623,5.1359516616314105,6606.759765625,22333.9609375,16.360000610351562,174.8800048828125,4.04,14.76,130.8722475454345,157.6480636234324,95.54996102071678,105.68271778705817,153.2203084412138
2025-09-17,3413.4,845.53,78200.0,333500.0,,,-1.5113350125944613,-4.1666666666666625,6600.35009765625,22261.330078125,15.720000267028809,170.2899932861328,4.06,14.1,127.13225521902322,156.09936715767077,93.9966600769919,106.40423897416926,151.57154842079382
2025-09-18,3461.3,857.11,80500.0,353000.0,,,2.941176470588225,5.847076461769118,6631.9599609375,22470.720703125,15.699999809265137,176.24000549316406,4.11,13.49,132.02147575713923,154.00841196060986,93.95160441117275,108.45765460733404,151.0045479724547
2025-09-19,3445.24,863.11,79700.0,353000.0,,,-0.9937888198757738,0.0,6664.35986328125,22631.48046875,15.449999809265137,176.6699981689453,4.14,13.29,133.65188076969542,154.03006087011525,94.27903046987608,105.6696533313318,152.32843953426067
2025-09-22,3468.65,874.36,83500.0,351000.0,,,4.767879548306153,-0.5665722379603388,6693.75,22788.98046875,16.100000381469727,183.61000061035156,4.15,12.55,136.00667465186046,152.24613887977122,95.66406257635289,106.69986146733649,151.41215867148384
2025-09-23,3486.19,872.21,84700.0,361000.0,,,1.4371257485029876,2.8490028490028463,6656.919921875,22573.470703125,16.639999389648438,178.42999267578125,4.12,14.08,138.72239404963386,151.482365161634,96.47131397739618,107.9040153921149,150.9346349479762
2025-09-24,3472.14,860.94,85400.0,357500.0,,,0.8264462809917328,-0.969529085872578,6637.97021484375,22497.859375,16.18000030517578,176.97000122070312,4.16,13.38,139.5469609609511,154.06535438294313,94.65486045560615,105.02087462378316,150.61295157204108
2025-09-25,3471.11,852.48,86100.0,356500.0,,,0.8196721311475308,-0.2797202797202747,6604.72021484375,22384.69921875,16.739999771118164,177.69000244140625,4.18,13.47,138.1497563147385,153.54705838541358,93.485535831926,107.67892893350894,150.74185856321296
2025-09-26,3386.05,835.19,83300.0,336500.0,,,-3.2520325203251987,-5.610098176718092,6643.7001953125,22484.0703125,15.289999961853027,178.19000244140625,4.2,10.59,132.9622457097958,151.23245430572155,91.86574126409276,104.08539396160822,148.34009739449607
2025-09-29,3431.21,846.71,84200.0,349000.0,,,1.0804321728691502,3.714710252600306,6661.2099609375,22591.150390625,16.1200008392334,181.85000610351562,4.15,10.47,135.44661583870194,153.10571889324933,93.0766102061077,104.58019630853939,151.507550367426
2025-09-30,3424.6,841.99,83900.0,347500.0,,,-0.3562945368171033,-0.4297994269340965,6688.4599609375,22660.009765625,16.280000686645508,186.5800018310547,4.16,9.82,136.258665889065,158.1832552665196,91.55670412187916,103.70771482583017,149.74809323347253
2025-10-01,3455.83,845.34,86000.0,360000.0,,,2.5029797377830842,3.597122302158273,6711.2001953125,22755.16015625,16.290000915527344,187.24000549316406,4.12,9.14,138.76073194365765,158.46521646784623,92.57385380595173,103.82708116215964,149.70536746914632
2025-10-02,3549.21,854.25,89000.0,395500.0,,,3.488372093023262,9.86111111111112,6715.35009765625,22844.05078125,16.6299991607666,188.88999938964844,4.1,9.38,146.58438287446418,158.58726326468854,93.316387900068,108.68886683038428,151.125835619335
2025-10-03,,,,,,,,,6715.7900390625,22780.509765625,16.649999618530273,187.6199951171875,4.13,9.22,,,,,
2025-10-06,,,,,,,,,6740.27978515625,22941.669921875,16.3700008392334,185.5399932861328,4.18,7.43,,,,,
2025-10-07,,,,,,,,,6714.58984375,22788.359375,17.239999771118164,185.0399932861328,4.14,9.36,,,,,
2025-10-08,,,,,,,,,6753.72021484375,23043.380859375,16.299999237060547,189.1100006103516,4.13,7.75,,,,,
2025-10-09,,,,,,,,,6735.10986328125,23024.630859375,16.43000030517578,192.57000732421875,4.14,7.84,,,,,
2025-10-10,3610.6,859.49,94400.0,428000.0,,,,,6552.509765625,22204.4296875,21.65999984741211,183.16000366210938,4.05,14.57,159.55885032475697,152.843534495267,91.96917706639542,105.50065063979132,148.13449814805426
2025-10-13,3584.55,860.49,93300.0,415000.0,,,-1.165254237288138,-3.037383177570097,6654.72021484375,22694.609375,19.030000686645508,188.32000732421875,4.05,11.15,160.3247147236525,150.1008842529962,91.20455063496792,106.52576234422273,146.30451140962015
2025-10-14,3561.81,847.96,91600.0,411500.0,,,-1.8220793140407254,-0.8433734939759074,6644.31005859375,22521.69921875,20.809999465942383,180.02999877929688,4.03,14.01,158.03087950366694,142.80856298435617,91.29318878878301,111.70130240763847,144.18437194182735
2025-10-15,3657.28,864.72,95000.0,422500.0,,,3.7117903930131035,2.6731470230862753,6671.06005859375,22670.080078125,20.639999389648438,179.8300018310547,4.05,13.4,165.41386115700226,145.8996282148394,93.98812537212383,112.04904966405942,149.03754827398006
2025-10-16,3748.37,865.41,97700.0,452500.0,,,2.8421052631578902,7.100591715976323,6629.06982421875,22562.5390625,25.309999465942383,181.80999755859375,3.99,19.48,171.74015655174873,145.65707639407083,94.46456726532021,120.16821288720654,149.74278578522157
2025-10-17,3748.89,859.54,97900.0,465500.0,,,0.2047082906857733,2.872928176795586,6664.009765625,22679.970703125,20.780000686645508,183.22000122070312,4.02,13.02,170.68935200907492,143.32180374350006,93.36798643344508,126.81311894088525,149.14647251233157
2025-10-20,3814.69,875.77,98100.0,485500.0,,,0.20429009193054792,4.29645542427497,6735.1298828125,22990.5390625,18.229999542236328,182.63999938964844,4.0,9.15,176.54467607636607,147.92671562060895,94.98581045706321,128.78762078796763,153.02881476106955
2025-10-21,3823.84,872.5,97500.0,479000.0,,,-0.6116207951070374,-1.3388259526261548,6735.35009765625,22953.669921875,17.8700008392334,181.16000366210938,3.98,9.35,175.31510254002984,154.9759531578883,95.05661941133386,129.86256787533887,152.56012400173955
2025-10-22,3883.68,879.15,98600.0,481500.0,,,1.1282051282051286,0.5219206680584509,6699.39990234375,22740.400390625,18.600000381469727,180.27999877929688,3.97,10.22,176.33044651255454,161.90626699536097,96.11757552161713,136.7823159478868,152.56868646050398
2025-10-23,3845.56,872.03,96500.0,478500.0,,,-2.129817444219062,-0.6230529595015577,6738.43994140625,22941.80078125,17.299999237060547,182.16000366210935,4.01,9.01,173.8147830961043,164.72145858480135,94.81412035631836,135.12418497099097,150.54258486593884
2025-10-24,3941.59,883.08,98800.0,510000.0,,,2.3834196891191706,6.583072100313481,6791.68994140625,23204.869140625,16.3700008392334,186.25999450683594,4.02,7.71,180.11422694768413,167.04919449922306,94.7401266895538,146.50510792440423,150.2505934622816
2025-10-27,4042.83,902.7,102000.0,535000.0,,,3.238866396761142,4.90196078431373,6875.16015625,23637.4609375,15.789999961853027,191.49000549316406,4.01,7.4,185.04125345873854,173.66155333006623,98.70121915065977,145.28876111148008,152.62145632298402
2025-10-28,4010.41,903.3,99500.0,521000.0,,,-2.450980392156865,-2.61682242990654,6890.89013671875,23827.490234375,16.420000076293945,201.02999877929688,3.99,7.79,179.28135891236408,166.88763068351267,99.34949896685215,151.21302299226664,151.96283618404692
2025-10-29,4081.15,901.59,100500.0,558000.0,,,1.005025125628145,7.101727447216888,6890.58984375,23958.470703125,16.920000076293945,207.0399932861328,4.08,7.56,182.4440087739177,167.5951993161186,97.99582728763924,155.431734577231,150.58309596367093
2025-10-30,4086.89,890.86,104100.0,568000.0,,,3.5820895522387985,1.7921146953405076,6822.33984375,23581.140625,16.90999984741211,202.88999938964844,4.11,10.98,186.51931609421806,170.70214199850756,98.00944410205354,150.82668515761392,149.96994559324347
2025-10-31,4107.5,900.42,107500.0,559000.0,,,3.2660902977905915,-1.5845070422535246,6840.2001953125,23724.9609375,17.440000534057617,202.49000549316406,4.11,12.53,186.47172810331244,170.07138617642437,100.27628174673673,147.39178824227108,149.90770545620435
2025-11-03,4221.87,914.55,111100.0,620000.0,,,3.3488372093023244,10.912343470482998,6851.97021484375,23834.720703125,17.170000076293945,206.8800048828125,4.13,11.91,195.05641013795503,174.34082924944246,102.58170790350133,147.3005123899648,150.97372523361608
2025-11-04,4121.74,926.57,104900.0,586000.0,,,-5.580558055805584,-5.483870967741932,6771.5498046875,23348.640625,19.0,198.69000244140625,4.1,16.27,186.98339457757172,168.5117675565582,103.28827441418997,148.72917957429686,155.5257540792644
2025-11-05,4004.42,901.89,100600.0,579000.0,,,-4.099142040038128,-1.1945392491467532,6796.2900390625,23499.80078125,18.010000228881836,195.2100067138672,4.17,14.58,181.08544206023302,156.11986187640716,102.23145892944106,144.18725266752182,154.05062052013807
2025-11-06,4026.45,898.17,99200.0,593000.0,,,-1.391650099403574,2.4179620034542326,6720.31982421875,23053.990234375,19.5,188.0800018310547,4.11,16.3,181.62169365819543,155.7839476824463,104.92208528749107,144.27982738726476,160.7282594405782
2025-11-07,3953.76,876.81,97900.0,580000.0,,,-1.310483870967738,-2.1922428330522714,6728.7998046875,23004.5390625,19.079999923706055,188.14999389648438,4.11,15.01,177.45337101846027,148.33203867080016,102.67665066512978,140.2909633411499,157.47862983678712
2025-11-10,4073.24,888.35,100600.0,606000.0,,,2.7579162410623197,4.482758620689653,6832.43017578125,23527.169921875,17.600000381469727,199.0500030517578,4.13,12.31,183.3131436934993,153.42501363894135,102.18026333864682,144.1588423732808,162.39011762632958
2025-11-11,4106.39,884.27,103500.0,619000.0,,,2.882703777335993,2.1452145214521545,6846.60986328125,23468.30078125,17.280000686645508,193.16000366210935,4.13,12.77,185.86736197911137,150.78218491077337,102.09713011166818,146.29710570526464,160.9189828916618
2025-11-12,4150.39,906.51,103100.0,617000.0,,,-0.3864734299516947,-0.3231017770597755,6850.919921875,23406.4609375,17.510000228881836,193.8000030517578,4.08,13.32,186.2525141506126,150.84265877568532,106.60499769638626,146.61607063593974,166.88884558570538
2025-11-13,4170.63,918.37,102800.0,612000.0,,,-0.29097963142580285,-0.8103727714748765,6737.490234375,22870.359375,20.0,186.86000061035156,4.11,16.65,186.51520788970407,154.98544287356498,104.94764888329271,151.77821288080492,166.05071038608443
2025-11-14,4011.57,897.9,97200.0,560000.0,,,-5.447470817120625,-8.496732026143794,6734.10986328125,22900.58984375,19.829999923706055,190.1699981689453,4.14,17.32,173.8190751241392,155.87884744840397,104.63774942807551,145.5193721223866,163.15123345347803
2025-11-17,4089.25,902.67,100600.0,606000.0,,,3.4979423868312765,8.214285714285708,6672.41015625,22708.0703125,22.3799991607666,186.60000610351562,4.13,21.66,183.2444204970754,160.08001159789382,103.57699120614765,145.12325670703623,160.55568015480617
2025-11-18,3953.62,878.7,97800.0,570000.0,,,-2.7833001988071593,-5.940594059405946,6617.31982421875,22432.849609375,24.690000534057617,181.36000061035156,4.12,24.68,173.10796167817256,155.01472666131116,102.71857731776046,138.76862985401527,156.15150870629685
2025-11-19,3929.51,871.32,96500.0,562000.0,,,-1.329243353783227,-1.403508771929829,6642.16015625,22564.23046875,23.65999984741211,186.5200042724609,4.13,22.51,170.53094082715504,151.1137612504528,101.67874203606402,138.0597936559819,157.48047099699542
2025-11-20,4004.85,891.94,100600.0,571000.0,,,4.248704663212433,1.6014234875444844,6538.759765625,22078.05078125,26.420000076293945,180.63999938964844,4.1,28.0,175.1832710776093,153.70893417553492,102.6531668320346,138.91332118817326,156.80083340265983
2025-11-21,3853.26,863.95,94800.0,521000.0,,,-5.765407554671964,-8.756567425569173,6602.990234375,22273.080078125,23.43000030517578,178.8800048828125,4.06,24.52,164.02347997873716,146.95893283827348,100.9100721344405,132.94969105573554,156.2195071401415
2025-11-24,3846.06,856.44,96700.0,520000.0,,,2.0042194092827037,-0.19193857965451588,6705.1201171875,22872.009765625,20.520000457763672,182.5500030517578,4.04,20.83,164.4500454099282,145.23739591369952,100.23845758230318,129.56529451959807,154.93775513291322
2025-11-25,3857.78,856.03,99300.0,519000.0,,,2.6887280248190315,-0.19230769230769162,6765.8798828125,23025.58984375,18.559999465942383,177.82000732421875,4.01,15.76,165.64507658542118,142.3424414581449,96.49804174979421,130.56937603528172,156.48271425713065
2025-11-26,3960.87,877.32,102800.0,524000.0,,,3.5246727089627283,0.9633911368015502,6812.60986328125,23214.689453125,17.190000534057617,180.25999450683594,4.0,15.53,170.67044644508232,144.159140749007,97.8084443556974,139.78921689916893,159.70669027068323
2025-11-27,3986.91,880.06,103500.0,544000.0,,,0.6809338521400754,3.8167938931297662,,,,,4.0,,172.19593944854273,142.56171222690725,98.60292613881248,139.4622988152614,159.10193249885472
2025-11-28,3926.59,912.67,100500.0,530000.0,,,-2.898550724637683,-2.573529411764708,6849.08984375,23365.689453125,16.350000381469727,177.0,4.02,14.97,170.2816527318487,139.24267600915448,99.8428434139638,134.12063193252212,159.97241798854265
2025-12-01,3920.37,922.38,100800.0,538000.0,,,0.2985074626865591,1.5094339622641506,6812.6298828125,23275.919921875,17.239999771118164,179.9199981689453,4.09,17.17,171.7698891198713,134.14095957512444,100.47720319068132,134.14618448941593,163.17763982801415
2025-12-02,3994.93,928.42,103400.0,558000.0,,,2.57936507936507,3.7174721189590976,6829.3701171875,23413.669921875,16.59000015258789,181.4600067138672,4.09,16.72,174.93670914704063,134.9699374312592,99.25590186538103,135.22981839592958,169.43800744469084
2025-12-03,4036.3,932.01,104500.0,552000.0,,,1.0638297872340496,-1.0752688172043,6849.72021484375,23454.08984375,16.079999923706055,179.58999633789062,4.06,14.7,174.7509859024347,139.0399038075845,99.25686004674444,136.4440822485419,167.2456224561844
2025-12-04,4028.51,929.83,105100.0,542000.0,,,0.574162679425827,-1.8115942028985477,6857.1201171875,23505.140625,15.779999732971191,183.3800048828125,4.11,14.04,171.84822298115978,137.00090253959144,99.40261416177304,134.41415363313396,164.68803754155644
2025-12-05,4100.05,924.74,108400.0,544000.0,,,3.1398667935299773,0.36900369003689537,6870.39990234375,23578.130859375,15.40999984741211,182.41000366210938,4.14,13.54,174.1622874469315,139.94503006120362,95.3474451699857,137.29680143615874,166.7620139014006
2025-12-08,4154.85,927.79,109500.0,577000.0,,,1.0147601476014678,6.066176470588225,6846.509765625,23545.900390625,16.65999984741211,185.5500030517578,4.17,15.36,179.39354305292073,145.1168100164067,95.14917190531744,141.23648811439477,163.51842628568852
2025-12-09,4143.55,931.35,108400.0,566000.0,,,-1.0045662100456654,-1.9064124783362169,6840.509765625,23576.490234375,16.93000030517578,184.97000122070312,4.18,16.55,177.28602856026944,149.1120855772222,95.42915301653942,139.3003424559543,162.5695939725341
2025-12-10,4135.0,935.0,108000.0,587000.0,,,-0.3690036900368953,3.7102473498233257,6886.68017578125,23654.150390625,15.770000457763672,183.77999877929688,4.13,13.67,179.2039110969797,145.9909088526061,95.07615001868948,139.64135061057073,160.32261114719958
2025-12-11,4110.62,934.64,107300.0,565000.0,,,-0.6481481481481532,-3.747870528109032,6901.0,23593.859375,14.850000381469728,180.92999267578125,4.14,11.55,176.0238662058429,143.7398113652768,95.31313521149386,136.74456689213517,160.23436122811438
2025-12-12,4167.16,937.34,108900.0,571000.0,,,1.491146318732528,1.0619469026548645,6827.41015625,23195.169921875,15.739999771118164,175.02000427246094,4.19,13.86,177.21684486494965,147.99783660722684,95.0984602285064,137.66136043679057,161.64701557511833
2025-12-15,4090.59,938.83,104800.0,554000.0,,,-3.7649219467401296,-2.977232924693518,6816.509765625,23057.41015625,16.5,176.2899932861328,4.18,16.2,172.3534196087301,144.54460262781652,97.0452798553143,136.29595982667135,160.2499286767084
2025-12-16,3999.13,916.11,102800.0,530000.0,,,-1.9083969465648831,-4.332129963898912,6800.259765625,23111.4609375,16.479999542236328,177.72000122070312,4.15,16.99,167.31961497280835,138.96993620103717,95.88101035820613,130.92740138129363,159.24684330566618
2025-12-17,4056.41,911.07,107900.0,551000.0,,,4.961089494163429,3.9622641509434064,6721.43017578125,22693.3203125,17.6200008392334,170.94000244140625,4.16,19.46,174.1807147525096,138.91449377295044,94.40217841948325,132.13876495867657,160.49537853760665
2025-12-18,3994.51,901.33,107600.0,552000.0,,,-0.2780352177942591,0.1814882032667775,6774.759765625,23006.359375,16.8700008392334,174.13999938964844,4.12,18.2,172.50119861961915,135.33973014544122,94.17366208130342,122.45150627580355,159.38671703945505
2025-12-19,4020.55,915.27,106300.0,547000.0,,,-1.2081784386617112,-0.9057971014492794,6834.5,23307.619140625,14.90999984741211,180.9900054931641,4.16,13.75,171.41897633871716,142.58800838344706,97.06381501215768,123.6084602918822,161.17586201696855
2025-12-22,4105.93,929.14,110500.0,580000.0,,,3.951081843838189,6.032906764168189,6878.490234375,23428.830078125,14.079999923706056,183.69000244140625,4.17,12.03,181.39935161639283,142.33635622764163,97.98510478808116,125.75503912519848,164.04520909762812
2025-12-23,4117.32,919.56,111500.0,584000.0,,,0.9049773755656076,0.6896551724137945,6909.7900390625,23561.83984375,14.0,189.2100067138672,4.18,12.75,182.71846104758765,148.71970941953649,97.35248188303899,125.12468813794789,161.92866364776305
2025-12-24,4108.62,915.2,111100.0,588000.0,,,-0.3587443946188373,0.6849315068493178,6932.0498046875,23613.310546875,13.470000267028809,188.6100006103516,4.15,12.3,182.0305886407508,145.1687537408725,96.858807564027,125.29857610748316,163.89258526306446
2025-12-25,,,,,,,,,,,,,4.15,,,,,,
2025-12-26,4129.68,919.67,117000.0,599000.0,,,,,6929.93994140625,23593.099609375,13.600000381469727,190.52999877929688,4.14,10.3,189.02180475781176,142.1568121070119,96.17135832815637,122.45577780600243,162.12584122100088
2025-12-29,4220.56,932.59,119500.0,640000.0,,,2.136752136752129,6.844741235392315,6905.740234375,23474.349609375,14.199999809265137,188.22000122070312,4.12,11.13,196.44936806451707,148.21903316160004,96.75109452948027,122.88228780529741,163.4083847270061
2025-12-30,4214.17,925.47,119900.0,651000.0,,,0.33472803347280866,1.7187499999999911,6896.240234375,23419.080078125,14.329999923706055,187.5399932861328,4.14,11.82,197.3632812527928,145.3281834836938,96.33641050173817,119.9632582686163,161.87881000535688
2025-12-31,,,,,,,,,6845.5,23241.990234375,14.949999809265137,186.5,4.18,12.4,,,,,
2026-01-01,,,,,,,,,,,,,4.18,,,,,,
2026-01-02,4309.63,945.57,128500.0,677000.0,,,,,6858.47021484375,23235.630859375,14.510000228881836,188.8500061035156,4.19,9.88,210.0031059912328,146.99882009578204,100.84888607121032,117.07298023521292,161.06310375571462
2026-01-05,4457.52,957.5,138100.0,696000.0,,,7.470817120622564,2.8064992614475592,6902.0498046875,23395.8203125,14.899999618530272,188.1199951171875,4.17,8.75,223.50825467413523,153.50823629107546,102.74082180864131,120.90965919170512,163.57394335117857
2026-01-06,4525.48,955.97,138900.0,726000.0,,,0.5792903692976026,4.31034482758621,6944.81982421875,23547.169921875,14.75,187.24000549316406,4.18,8.34,235.88909944946093,159.66940623423125,104.3515574265604,122.1720392411691,165.1341137321824
2026-01-07,4551.06,947.39,141000.0,742000.0,,,1.5118790496760235,2.203856749311295,6920.93017578125,23584.279296875,15.380000114440918,189.1100006103516,4.15,9.01,234.2617874641272,159.8089973400265,101.72787042694284,118.973527950246,162.3812500763906
2026-01-08,4552.37,944.06,138800.0,756000.0,,,-1.5602836879432647,1.8867924528301883,6921.4599609375,23480.01953125,15.449999809265137,185.0399932861328,4.19,8.4,235.84205371465453,170.822489022249,104.92404092356256,118.33456722145863,159.7807431655504
2026-01-09,4586.32,947.92,139000.0,744000.0,,,0.14409221902016434,-1.5873015873015928,6966.27978515625,23671.349609375,14.489999771118164,184.86000061035156,4.18,6.79,230.61997106287973,179.62630151167681,106.8250780715373,116.7939526262841,161.40984789751215
2026-01-12,4624.79,949.81,138800.0,749000.0,,,-0.14388489208633226,0.6720430107526987,6977.27001953125,23733.900390625,15.119999885559082,184.94000244140625,4.19,7.66,229.08688162146345,184.4029953943588,103.79189874554459,120.94505270361589,162.03053015284382
2026-01-13,4692.64,948.98,137600.0,738000.0,,,-0.8645533141210415,-1.4686248331108098,6963.740234375,23709.869140625,15.979999542236328,185.80999755859375,4.18,8.79,228.70522978775304,192.24794631871524,105.69719574814062,127.87776915440668,163.74273167422007
2026-01-14,4723.1,942.18,140300.0,742000.0,,,1.9622093023255793,0.5420054200542035,6926.60009765625,23471.75,16.75,183.13999938964844,4.15,9.75,232.26012780417332,185.64363537121721,103.88302711553806,123.99339289295756,165.71634696739386
2026-01-15,4797.55,951.16,143900.0,749000.0,,,2.565930149679252,0.9433962264151052,6944.47021484375,23530.01953125,15.84000015258789,187.0500030517578,4.17,8.37,235.6588402482809,190.01719458964928,104.82255749609972,126.30846132913211,165.79313467911732
2026-01-16,4840.74,954.59,148900.0,756000.0,,,3.47463516330786,0.9345794392523255,6940.009765625,23515.390625,15.859999656677246,186.22999572753906,4.24,8.58,239.3580784245579,187.0540755588076,107.0996199070965,125.19447680267972,165.86938479581556
2026-01-19,4904.66,968.36,149300.0,764000.0,,,0.2686366689053088,1.0582010582010692,,,,,4.24,,239.63827226200613,192.37647909619292,105.15848863182164,129.70828877891552,165.08107757979695
2026-01-20,4885.75,976.37,145200.0,743000.0,,,-2.746148693904893,-2.7486910994764413,6796.85986328125,22954.3203125,20.09000015258789,178.07000732421875,4.3,14.13,232.60574278179575,190.21399089520415,104.35845847086408,132.3780738339482,170.3738397518518
2026-01-21,4909.93,951.29,149500.0,740000.0,,,2.961432506887052,-0.4037685060565232,6875.6201171875,23224.8203125,16.899999618530273,183.32000732421875,4.26,10.33,233.29299270319697,187.18948440594423,96.46351823389983,129.97101915843928,171.64841206745038
2026-01-22,4952.53,970.35,152300.0,755000.0,,,1.8729096989966498,2.0270270270270174,6913.35009765625,23436.01953125,15.640000343322754,184.83999633789062,4.26,8.56,236.1672510857725,182.4426250094079,95.35364159262278,143.15805099467568,172.56237268996097
2026-01-23,4990.07,993.93,152100.0,767000.0,,,-0.13131976362442677,1.5894039735099286,6915.60986328125,23501.240234375,16.09000015258789,187.6699981689453,4.24,8.33,238.4037492946844,183.17381512955257,97.97031709904954,141.87050529074335,174.31356246929082
2026-01-26,4949.59,1064.41,152100.0,736000.0,,,0.0,-4.041720990873532,6950.22998046875,23601.359375,16.149999618530273,186.47000122070312,4.22,7.56,235.82535513627693,181.58543997297116,100.79837735098852,143.68641946472943,173.51727500572312
2026-01-27,5084.85,1082.59,159500.0,800000.0,,,4.8652202498356445,8.695652173913038,6978.60009765625,23817.099609375,16.350000381469727,188.5200042724609,4.24,7.73,249.83516003130887,177.93368109959152,101.12015059910269,142.07639210489637,181.10789103351857
2026-01-28,5170.81,1133.52,162400.0,841000.0,,,1.818181818181808,5.125000000000002,6978.02978515625,23857.44921875,16.350000381469727,191.5200042724609,4.26,7.34,263.86440043155096,181.96273926600247,104.87549625017192,145.4243030921241,176.63100745718117
2026-01-29,5221.25,1164.41,160700.0,861000.0,,,-1.0467980295566504,2.378121284185486,6969.009765625,23685.119140625,16.8799991607666,192.50999450683594,4.24,8.63,272.0356402270791,181.86364283372941,104.78426170400371,143.04864782260887,178.1217216507618
2026-01-30,5224.36,1149.44,160500.0,909000.0,,,-0.1244555071561959,5.574912891986061,6939.02978515625,23461.8203125,17.440000534057617,191.1300048828125,4.26,10.79,281.8361892925423,175.99992449294683,98.65041245270191,138.13920697624076,175.05434441042058
2026-02-02,4949.67,1098.36,150400.0,830000.0,,,-6.292834890965738,-8.690869086908693,6976.43994140625,23592.109375,16.34000015258789,185.61000061035156,4.29,8.77,257.5860160340574,167.9238113971788,95.69567850688539,129.69501418466555,174.69614547559559
2026-02-03,5288.08,1144.33,167500.0,907000.0,,,11.369680851063823,9.277108433734949,6917.81005859375,23255.189453125,18.0,180.33999633789062,4.28,10.81,281.5398861753031,175.9334988877722,98.05146695258199,134.60118328604813,183.915290638765
2026-02-04,5371.1,1149.43,169100.0,900000.0,,,0.9552238805970115,-0.7717750826901848,6882.72021484375,22904.580078125,18.639999389648438,174.19000244140625,4.29,11.88,281.4596060634314,178.17775519708485,98.56283788539092,139.62307464527672,188.27720541597228
2026-02-05,5163.57,1108.41,159300.0,842000.0,,,-5.795387344766412,-6.444444444444441,6798.39990234375,22540.58984375,21.770000457763672,171.8800048828125,4.21,17.37,266.91798663153315,166.58722322862963,97.6741491446194,137.02867794051332,188.20366294470313
2026-02-06,5089.14,1080.77,158600.0,839000.0,,,-0.439422473320783,-0.3562945368171033,6932.2998046875,23031.2109375,20.3700008392334,185.41000366210935,4.22,11.86,267.6337301336145,161.88396585300802,95.87398884028754,132.616445022249,193.7986823790741
2026-02-09,5298.04,1127.55,166400.0,887000.0,,,4.918032786885251,5.721096543504167,6964.81982421875,23238.669921875,17.360000610351562,190.0399932861328,4.22,11.12,277.89389673058486,165.01469769643484,100.4878300664833,136.07319886490637,199.2655955517724
2026-02-10,5301.69,1115.2,165800.0,876000.0,,,-0.36057692307692735,-1.2401352874859106,6941.81005859375,23102.470703125,17.790000915527344,188.5399932861328,4.16,12.56,273.5567381746106,163.31135204803093,99.43783171981539,137.43264930811526,205.96871407356764
2026-02-11,5354.49,1114.87,167800.0,860000.0,,,1.20627261761157,-1.82648401826484,6941.47021484375,23066.470703125,17.649999618530273,190.0500030517578,4.18,11.89,270.24322055520696,162.31765775545284,101.18297294445746,137.50791488739014,215.32230626680035
2026-02-12,5522.27,1125.99,178600.0,888000.0,,,6.436233611442188,3.2558139534883734,6832.759765625,22597.150390625,20.81999969482422,186.94000244140625,4.09,15.84,283.16061090279436,163.02723735240534,101.41743098540938,142.07654574186262,223.02331995829593
2026-02-13,5507.01,1106.08,181200.0,880000.0,,,1.4557670772676445,-0.9009009009009028,6836.169921875,22546.669921875,20.600000381469727,182.80999755859375,4.04,16.08,281.3978344403171,162.1973834783791,100.56687989367305,137.67559171472368,219.66631781356216
2026-02-16,,,,,,,,,,,,,4.04,,,,,,
2026-02-17,,,,,,,,,6843.22021484375,22578.380859375,20.290000915527344,184.97000122070312,4.05,16.23,,,,,
2026-02-18,,,,,,,,,6881.31005859375,22753.630859375,19.6200008392334,187.97999572753903,4.09,15.32,,,,,
2026-02-19,5677.25,1160.71,190000.0,894000.0,,,,,6861.89013671875,22682.73046875,20.229999542236328,187.8999938964844,4.08,16.48,289.87084465960794,169.9362878121496,103.96621512109964,144.83699631603483,218.1914663029011
2026-02-20,5808.53,1154.0,190100.0,949000.0,,,0.052631578947370805,6.152125279642062,6909.509765625,22886.0703125,19.09000015258789,189.82000732421875,4.08,13.94,295.9911434990106,180.349847182581,103.63235953501487,145.92730110864784,224.0074898996868
2026-02-23,5846.09,1151.99,193000.0,951000.0,,,1.525512887953706,0.21074815595363283,6837.75,22627.26953125,21.010000228881836,191.5500030517578,4.03,17.15,297.6978454032447,179.91611975489144,103.46733041255311,143.77577046751094,222.20779781475568
2026-02-24,5969.64,1165.0,200000.0,1005000.0,,,3.626943005181338,5.6782334384858135,6890.06982421875,22863.6796875,19.549999237060547,192.8500061035156,4.04,14.48,305.4147935025996,180.5606112582657,104.34463214545436,152.82566269623865,218.0397311965609
2026-02-25,6083.86,1165.25,203500.0,1018000.0,,,1.750000000000007,1.2935323383084674,6946.1298828125,23152.080078125,17.93000030517578,195.55999755859375,4.05,10.73,309.8475844300237,178.03805045143224,102.84341468770484,158.0549798330406,217.4119335360928
2026-02-26,6307.27,1188.15,218000.0,1099000.0,,,7.125307125307123,7.95677799607073,6908.85986328125,22878.380859375,18.6299991607666,184.88999938964844,4.02,13.77,345.5223238617957,176.10429992111634,103.0671716832154,160.30598461126954,214.66988230433768
2026-02-27,6244.13,1192.78,216500.0,1061000.0,,,-0.6880733944954143,-3.4576888080072754,6878.8798828125,22668.2109375,19.860000610351562,177.19000244140625,3.97,15.01,355.41345339237046,177.91703731847434,103.03011039925127,165.05584783341283,206.98388599346742
2026-03-02,,,,,,,,,6881.6201171875,22748.859375,21.440000534057617,182.47999572753903,4.05,17.88,,,,,
2026-03-03,5791.91,1137.7,195100.0,939000.0,,,,,6816.6298828125,22516.689453125,23.56999969482422,180.0500030517578,4.06,22.36,317.9424737176063,195.96709396948546,97.31347229569066,149.28506150235745,203.37450305455815
2026-03-04,5093.54,978.44,172200.0,849000.0,,,-11.737570476678629,-9.584664536741217,6869.5,22807.48046875,21.149999618530277,183.0399932861328,4.09,17.95,285.8167779590451,173.61854918169865,85.45777161856638,128.05746612459936,182.8291198911756
2026-03-05,5583.9,1116.41,191600.0,941000.0,,,11.265969802555166,10.83627797408717,6830.7099609375,22748.990234375,23.75,183.33999633789065,4.13,22.97,327.6921404216515,196.14740011395736,93.09102000409295,140.79781970047242,193.9075276324488
2026-03-06,5584.87,1154.67,188200.0,924000.0,,,-1.7745302713987443,-1.8065887353878816,6740.02001953125,22387.6796875,29.489999771118164,177.82000732421875,4.15,30.93,332.03881615474126,206.6977806401597,93.2384369174398,143.5692393415833,191.3784037556345
2026-03-09,5251.87,1102.28,173500.0,836000.0,,,-7.810839532412328,-9.523809523809524,6795.990234375,22695.94921875,25.5,182.64999389648438,4.12,27.83,302.9355109056244,202.6283250568385,90.36378267066293,135.15474129470442,184.82472975725017
2026-03-10,5532.59,1137.68,187900.0,938000.0,,,8.299711815561949,12.200956937799035,6781.47998046875,22697.099609375,24.93000030517578,184.77000427246094,4.15,28.97,328.9714722321906,200.95888575617496,91.74795262838111,139.16350380819938,188.3761055302376
2026-03-11,5609.95,1136.83,190000.0,955000.0,,,1.1176157530601305,1.8123667377398789,6775.7998046875,22716.130859375,24.229999542236328,186.02999877929688,4.21,29.18,326.78022480670774,201.55863697460455,92.22181648695087,139.30570245467746,193.96407056034917
2026-03-12,5583.25,1148.4,187900.0,930000.0,,,-1.1052631578947314,-2.617801047120416,6672.6201171875,22311.98046875,27.290000915527344,183.13999938964844,4.27,35.52,323.81556990628326,206.65097839539104,93.24593595916348,139.8462649370075,192.06923975333615
2026-03-13,5487.24,1152.96,183500.0,910000.0,,,-2.3416711016498115,-2.1505376344086002,6632.18994140625,22105.359375,27.190000534057617,180.25,4.28,37.21,315.64499986381946,204.12201876224657,91.3401924528157,134.376087705786,189.45263685601918
2026-03-16,5549.85,1138.29,188700.0,974000.0,,,2.833787465940052,7.03296703296703,6699.3798828125,22374.1796875,23.51000022888184,183.22000122070312,4.23,29.56,325.1560087247328,201.64569876589215,90.17223866718994,132.23591216900527,188.4894425869057
2026-03-17,5640.48,1136.94,193900.0,970000.0,,,2.755696873343938,-0.4106776180698102,6716.08984375,22479.529296875,22.3700008392334,181.92999267578125,4.2,29.5,327.3921625758308,197.391232971136,91.4812972037387,136.12188097634657,191.25480243972066
2026-03-18,5925.03,1164.38,208500.0,1056000.0,,,7.529654461062396,8.865979381443289,6624.7001953125,22152.419921875,25.09000015258789,180.3999938964844,4.26,35.78,352.32031722904867,196.12504035318304,93.56671944288895,140.50181367663825,197.8144120094103
2026-03-19,5763.22,1143.48,200500.0,1013000.0,,,-3.83693045563549,-4.071969696969702,6606.490234375,22090.689453125,24.059999465942383,178.55999755859375,4.25,33.03,343.9913118733057,193.9548148264925,92.6031961966233,136.65727520131918,198.5558584323487
2026-03-20,5781.2,1161.52,199400.0,1007000.0,,,-0.5486284289276777,-0.5923000987166804,6506.47998046875,21647.609375,26.780000686645508,172.6999969482422,4.39,38.7,343.0592422604476,187.66634028296735,91.2652076142978,138.13984186309992,199.6046831474224
2026-03-23,5405.75,1096.89,186300.0,933000.0,,,-6.569709127382151,-7.348560079443889,6581.0,21946.759765625,26.149999618530277,175.63999938964844,4.34,37.61,323.02886683263887,176.5895071750047,85.96831381455452,129.6492035138589,185.88112094298944
2026-03-24,5553.92,1121.44,189700.0,986000.0,,,1.8250134192163256,5.680600214362275,6556.3701171875,21761.890625,26.950000762939453,175.1999969482422,4.39,37.49,330.3934421486069,180.821936198698,89.38236353143509,138.71794730460783,187.55746233014207
2026-03-25,5642.21,1159.55,189000.0,995000.0,,,-0.36900369003689537,0.9127789046653234,6591.89990234375,21929.8203125,25.329999923706055,178.67999267578125,4.33,34.76,333.07454760351436,192.30413325004162,90.86698841837202,140.92300524037546,191.44160112289816
2026-03-26,5460.46,1136.64,180100.0,933000.0,,,-4.708994708994707,-6.23115577889447,6477.16015625,21408.080078125,27.440000534057617,171.24000549316406,4.42,36.19,311.73163977991004,190.7196737258296,91.83325073446888,138.20616546214444,193.37153999275392
2026-03-27,5438.87,1141.51,179700.0,922000.0,,,-0.2220988339811214,-1.1789924973204746,6368.85009765625,20948.359375,31.049999237060547,167.52000427246094,4.44,41.68,309.06146146284465,187.76212394163804,92.5815598432706,140.0958592947764,194.68814793206616
2026-03-30,5277.3,1107.05,176300.0,873000.0,,,-1.892042292710072,-5.314533622559658,6343.72021484375,20794.640625,30.61000061035156,165.1699981689453,4.35,37.8,295.3355451791459,179.55722800244453,89.00008750027597,143.58061625519406,188.02370596242235
2026-03-31,5052.46,1052.39,167200.0,807000.0,,,-5.161656267725467,-7.560137457044669,6528.52001953125,21590.630859375,25.25,174.39999389648438,4.3,28.11,278.87323386814427,170.62254673111102,86.54413791201563,138.40692013736643,184.39945326005068
2026-04-01,5478.7,1116.18,189600.0,893000.0,,,13.397129186602877,10.656753407682771,6575.31982421875,21840.94921875,24.540000915527344,175.75,4.33,26.08,308.6876015206164,190.2523530149195,91.18905113865068,145.1723619446054,193.26606371118555
2026-04-02,5234.05,1056.34,178400.0,830000.0,,,-5.907172995780585,-7.054871220604708,6582.68994140625,21879.1796875,23.8700008392334,177.38999938964844,4.31,25.0,287.9163341739677,188.71481492037444,88.60391237536709,145.53639771921087,189.7902859158465
2026-04-03,5377.3,1063.75,186200.0,876000.0,,,4.372197309417047,5.542168674698789,,,,,4.35,,299.0536951254079,202.35433577692888,88.441247940557,145.2721638894408,188.86077174351897
2026-04-06,5450.33,1047.37,193100.0,886000.0,,,3.705692803437155,1.1415525114155225,6611.830078125,21996.33984375,24.170000076293945,177.63999938964844,4.34,24.08,300.610627986793,195.47402055921597,87.91150275932867,150.68109251150162,192.0016081244598
2026-04-07,5494.78,1036.73,196500.0,916000.0,,,1.760745727602275,3.3860045146726803,6616.85009765625,22017.849609375,25.780000686645508,178.10000610351562,4.33,25.7,306.2020437132677,199.42053821176276,87.73215685413828,151.18989741156565,189.4891400721503
2026-04-08,5872.34,1089.85,210500.0,1033000.0,,,7.124681933842236,12.772925764192134,6782.81005859375,22634.990234375,21.040000915527344,182.0800018310547,4.29,17.27,338.0015974373101,201.52524018019665,91.18958229262152,154.96602174043846,200.05310523711847
2026-04-09,5778.01,1076.0,204000.0,998000.0,,,-3.0878859857482177,-3.388189738625358,6824.66015625,22822.419921875,19.489999771118164,183.91000366210935,4.29,14.25,331.44576994101385,202.5407318114652,90.84743176425177,159.09002154399812,198.9736839327988
2026-04-10,5858.87,1093.63,206000.0,1027000.0,,,0.9803921568627416,2.9058116232465014,6816.89013671875,22902.890625,19.229999542236328,188.6300048828125,4.31,13.58,336.5881275193668,207.65920019621026,91.26799065790664,158.32125475479847,203.97802976173767
2026-04-13,5808.62,1099.84,201000.0,1040000.0,,,-2.4271844660194164,1.265822784810133,6886.240234375,23183.740234375,19.1200008392334,189.30999755859372,4.3,12.39,329.58329488367906,207.9394955282841,89.2216149936084,155.16374338340557,203.42946849606116
2026-04-14,5967.75,1121.88,206500.0,1103000.0,,,2.736318407960203,6.057692307692308,6967.3798828125,23639.080078125,18.36000061035156,196.50999450683597,4.26,11.58,342.87890111156383,209.85658885762035,90.07205620596056,154.28893711565098,204.825762252886
2026-04-15,6091.39,1152.43,211000.0,1136000.0,,,2.1791767554479424,2.991840435176796,7022.9501953125,24016.01953125,18.170000076293945,198.8699951171875,4.29,11.05,351.90536100450515,206.0801572864086,93.6128067466574,156.30116653265875,207.0143380341923
2026-04-16,6226.05,1162.97,217500.0,1155000.0,,,3.08056872037914,1.6725352112676006,7041.27978515625,24102.69921875,17.940000534057617,198.3500061035156,4.32,10.94,357.59224673091546,209.06924447032563,94.60361348725772,159.26543654528768,209.3963004260061
2026-04-17,6191.92,1170.04,216000.0,1128000.0,,,-0.6896551724137945,-2.3376623376623384,7126.06005859375,24468.48046875,17.479999542236328,201.67999267578125,,10.84,352.39669561326,206.2386387959586,93.15201706729015,164.88669725353742,209.72091498086837
